{"cameraMode":{"drawMode":0,"name":"Shaded","section":"Shading Mode"},"sceneLighting":false,"audioPlay":false,"sceneViewState":{"showFog":true,"showMaterialUpdate":false,"showSkybox":false,"showFlares":true,"showImageEffects":true,"showParticleSystems":true},"in2DMode":false,"pivot":{"x":-62.435001373291019,"y":12.864999771118164,"z":-40.78374099731445},"rotation":{"x":0.44356808066368105,"y":-0.49901410937309267,"z":0.3322586715221405,"w":0.6662415266036987},"size":252.26734924316407,"orthographic":false}