{"cameraMode":{"drawMode":0,"name":"Shaded","section":"Shading Mode"},"sceneLighting":false,"audioPlay":false,"sceneViewState":{"showFog":true,"showMaterialUpdate":false,"showSkybox":false,"showFlares":true,"showImageEffects":true,"showParticleSystems":true},"in2DMode":false,"pivot":{"x":-0.8641624450683594,"y":-0.153594970703125,"z":0.37688255310058596},"rotation":{"x":-0.12195444852113724,"y":-0.46891430020332339,"z":0.06555144488811493,"w":-0.8723444938659668},"size":64.39142608642578,"orthographic":false}