{"cameraMode":{"drawMode":0,"name":"Shaded","section":"Shading Mode"},"sceneLighting":false,"audioPlay":false,"sceneViewState":{"showFog":true,"showMaterialUpdate":false,"showSkybox":false,"showFlares":true,"showImageEffects":true,"showParticleSystems":true},"in2DMode":false,"pivot":{"x":25.035215377807618,"y":34.68330383300781,"z":11.873924255371094},"rotation":{"x":0.14124245941638947,"y":0.5344493985176086,"z":-0.09114798903465271,"w":0.8283365368843079},"size":86.64041900634766,"orthographic":false}