{"cameraMode":{"drawMode":0,"name":"Shaded","section":"Shading Mode"},"sceneLighting":false,"audioPlay":false,"sceneViewState":{"showFog":true,"showMaterialUpdate":false,"showSkybox":false,"showFlares":true,"showImageEffects":true,"showParticleSystems":true},"in2DMode":false,"pivot":{"x":23.018951416015626,"y":23.90288734436035,"z":6.960785865783691},"rotation":{"x":0.02486809901893139,"y":-0.9680606126785278,"z":0.22553932666778565,"w":0.1067182719707489},"size":12.983539581298829,"orthographic":false}