{"cameraMode":{"drawMode":0,"name":"Shaded","section":"Shading Mode"},"sceneLighting":false,"audioPlay":false,"sceneViewState":{"showFog":true,"showMaterialUpdate":false,"showSkybox":false,"showFlares":true,"showImageEffects":true,"showParticleSystems":true},"in2DMode":false,"pivot":{"x":-0.1024775505065918,"y":-0.703155517578125,"z":0.07332992553710938},"rotation":{"x":-0.05619927495718002,"y":0.9302861094474793,"z":-0.3248952329158783,"w":-0.16092343628406526},"size":78.85750579833985,"orthographic":false}