{"cameraMode":{"drawMode":0,"name":"Shaded","section":"Shading Mode"},"sceneLighting":false,"audioPlay":false,"sceneViewState":{"showFog":true,"showMaterialUpdate":false,"showSkybox":false,"showFlares":true,"showImageEffects":true,"showParticleSystems":true},"in2DMode":false,"pivot":{"x":-135.7146453857422,"y":-5.372504711151123,"z":-83.1665267944336},"rotation":{"x":0.11574134230613709,"y":-0.8843029141426086,"z":0.32018187642097475,"w":0.31958138942718508},"size":11.3884859085083,"orthographic":false}