{"cameraMode":{"drawMode":0,"name":"Shaded","section":"Shading Mode"},"sceneLighting":false,"audioPlay":false,"sceneViewState":{"showFog":true,"showMaterialUpdate":false,"showSkybox":false,"showFlares":true,"showImageEffects":true,"showParticleSystems":true},"in2DMode":false,"pivot":{"x":-58.80500030517578,"y":12.864999771118164,"z":-40.78374099731445},"rotation":{"x":-0.20601868629455567,"y":0.727055549621582,"z":-0.6066853404045105,"w":-0.24685315787792207},"size":242.5006866455078,"orthographic":false}