{"cameraMode":{"drawMode":0,"name":"Shaded","section":"Shading Mode"},"sceneLighting":false,"audioPlay":false,"sceneViewState":{"showFog":true,"showMaterialUpdate":false,"showSkybox":false,"showFlares":true,"showImageEffects":true,"showParticleSystems":true},"in2DMode":false,"pivot":{"x":-7.710000038146973,"y":-2.880000114440918,"z":-42.84000015258789},"rotation":{"x":0.018376542255282403,"y":-0.950637698173523,"z":0.30440786480903628,"w":0.05738966539502144},"size":12.58287239074707,"orthographic":false}