{"count":1,"self":65.9384384,"total":69.1651876,"children":{"AgentResetIfDone":{"count":3260,"self":0.0345568,"total":0.0345568,"children":null},"AgentSendState":{"count":3260,"self":0.083084999999999992,"total":0.6774952,"children":{"CollectObservations":{"count":5497,"self":0.5944102,"total":0.5944102,"children":null}}},"DecideAction":{"count":3260,"self":2.3938851999999997,"total":2.3938851999999997,"children":null},"AcademyStep":{"count":3260,"self":0.0019732,"total":0.0019732,"children":null},"AgentAct":{"count":3260,"self":0.11883579999999999,"total":0.11883579999999999,"children":null}}}